x1,x2,y,a
-7.23674228197229,0.6187827892663558,1,2
2.731082567256445,-4.077689227433779,0,2
0.5878717189015553,0.6311192255747837,0,0
3.6737643414266357,-7.0758024064531355,0,2
0.8598534537751684,1.843809638475027,0,1
0.826618123306773,0.6512310671310182,1,1
4.365259482504673,-4.596170290092007,0,2
5.3066411948245396,-4.420389275318598,0,2
6.321748977894958,-3.8643011406836325,0,2
4.820090103250403,-2.522327119011302,0,2
4.666752287853474,-2.786481272841612,0,2
4.089928133436951,-3.457452691382222,0,2
-5.608334471870148,2.895021838497633,1,2
1.2786011556684311,-0.4502639872308553,1,0
0.9551802942012954,1.3008055471922488,1,1
3.904757730525752,-4.24307117208257,0,2
1.3208391577232073,0.24331327011537207,0,1
-4.77616652192126,1.6120635203248956,1,2
5.8051842586708675,-3.861518761099977,0,2
1.4491699355508512,1.0746558178259722,1,1
4.641648347427751,-1.6789093737230965,0,2
2.854617118838357,-3.6088964342508834,0,2
4.571438401229064,-6.25510123251286,0,2
2.6737150262947504,-4.829150176688485,0,2
3.9748737925883293,-4.510305361976824,0,2
-4.710937260448657,1.0959361311431806,1,2
1.5910470926551101,0.4110387605668824,0,1
0.3839547239763885,-0.4782868829599176,1,0
-5.942093874030291,1.3863461097386613,1,2
-7.58526981175853,0.30018135414047864,1,2
-8.25108381180094,-0.5609110451298058,1,2
3.5881219957506465,-4.495159563095353,0,2
5.184621086681451,-4.966082284839333,0,2
1.068754697128077,-0.032527819236782225,0,0
1.2964871414298504,2.116004068437844,0,1
-4.550282992896083,-0.24727485515441927,1,2
3.842861425575097,-5.19252037093639,0,2
-4.207506606769624,2.0006815850023187,1,2
-0.8715883605311967,-0.10801200527315785,0,0
-4.862795692386344,3.010877780116391,1,2
1.6278164887349167,0.7909975965940639,1,1
2.517494835886005,-6.154081956866306,0,2
-5.043403252820544,1.2332229009410847,1,2
5.19400899892524,-5.697426299940924,0,2
4.885985643013244,-5.695939215027863,0,2
-5.368818043193726,0.7927913885277247,1,2
4.183200188506859,-3.993487945221374,0,2
5.195319970662767,-5.1439537032575124,0,2
0.22546268034133587,0.876120772933618,0,0
4.82544202536718,-3.907593714688237,0,2
2.275685872989591,-3.023877354136416,0,2
-5.606984276196231,2.342900977521377,1,2
3.5943729500242165,-3.246098842070669,0,2
-5.476574814391289,1.7124960677107346,1,2
4.251960449954436,-4.711379821244003,0,2
-4.087980297221739,0.8958506926732009,1,2
-5.294248661779459,1.3016372447377473,1,2
-6.093589320146514,-0.36807973105536496,1,2
-7.214041277908308,0.36043841463843707,1,2
3.9322296278540434,-3.588990589890126,0,2
3.124017193891617,-6.004882795113018,0,2
-4.673142893981639,0.01878658042264858,1,2
-5.911362567176879,1.4391141433455157,1,2
-5.8387208396978645,-0.35342959700092536,1,2
4.565326417601821,-3.992610271178855,0,2
-3.8749030431216767,1.1389395538977527,1,2
-0.8891467045541591,0.628253525528084,0,0
5.888795054345518,-6.302259063989882,0,2
5.590336200105172,-3.4699051147816826,0,2
3.156674997710041,-3.482350633199193,0,2
-4.304902054276085,0.34353066182045333,1,2
4.908119717894579,-2.0390699624944584,0,2
-5.787458170234846,0.859295107300665,1,2
-6.44977481800626,1.0855865155525315,1,2
-7.351463309102753,-0.10203516652396916,1,2
-5.973313802522059,0.5785239563055815,1,2
-5.303222233660017,-0.6341796891051323,1,2
-8.094408965524272,2.2850166842471573,1,2
-4.997200862677722,-0.3915991063718447,1,2
3.0639514404420782,-5.65190127201463,0,2
2.880392034638745,-4.352333888966243,0,2
4.403731009829032,-4.841137232518884,0,2
3.4854017523111667,-4.711564576610929,0,2
0.769301629522933,0.7884373540014242,0,0
5.091587761056761,-5.374416347475446,0,2
4.942122765913603,-3.9984724448964113,0,2
1.428997026564419,1.2931145012048946,1,1
-0.151344906103843,1.1461280899974269,0,1
3.9590669422605624,-3.207897331568063,0,2
0.9725502614708482,0.08879895965665907,0,0
-7.9014314927609615,-0.28088280664646104,1,2
-4.517093945002904,1.639363109686668,1,2
-6.122531016988234,1.777239978847505,1,2
2.4112757366935735,-4.738400714129133,0,2
3.6825679350161566,-4.208424968466433,0,2
5.420773338081521,-4.916115297677062,0,2
-5.8090609625791325,1.135698538099087,1,2
-5.404283490266028,2.090718070068732,1,2
4.690333105085562,-3.953744453135516,0,2
1.930791622713068,0.11255339370203099,1,0
-7.218372773266745,0.6776878669193147,1,2
-3.6778021151994635,1.3364179022843508,1,2
1.493255487673217,-0.26977117534465533,1,0
-1.0530114258855714,0.3767045200005916,0,0
4.483239877960443,-4.807887860766035,0,2
-5.532594027436031,0.9306426371645251,1,2
-5.496660160256877,1.2060469474291398,1,2
3.3804632986350125,-5.255271007076695,0,2
-5.56964541927418,1.252557028726527,1,2
-5.935501520740937,2.246864295372352,1,2
4.933437609836109,-3.891026901817555,0,2
-5.631397360346411,1.2703223197983193,1,2
-0.17319730537003736,0.9382163991796671,0,0
5.324736641714187,-4.6361492272346725,0,2
-6.71980474124962,1.2882845784411656,1,2
3.0918669891321793,-5.883176061709814,0,2
0.49905351832958145,0.15435745487468355,0,1
1.010735350203279,-0.647942713915248,1,0
2.678193838484037,-5.461540639504075,0,2
3.6897149304795214,-4.133905568484539,0,2
0.5216615498363762,0.9560131314936319,1,1
3.1680894671971087,-4.273568146018633,0,2
-5.1977369703176395,0.6540236502995387,1,2
0.8928443334052236,-0.18727609252280564,0,1
-4.331819023409949,1.1613730541425233,1,2
1.1843312519981226,0.5709088746720123,1,1
1.5027044685641582,-4.7061259298485885,0,2
-4.2021496594891765,2.363749207299037,1,2
-4.322314685768475,0.23812982277016503,1,2
-3.746930606603807,2.33448894564654,1,2
-6.935948537827514,1.0323247088288596,1,2
5.7923112970624615,-3.4421545541811747,0,2
-4.287060156881331,1.7063669145252542,1,2
-0.1484182017487765,1.0460857129175878,0,0
5.673095937080163,-5.075276036233474,0,2
-5.786830712501285,0.8379985231641578,1,2
-4.862088420023919,-0.10534554509332783,1,2
-6.50313380969542,2.745330062742328,1,2
3.8079350365532103,-4.860750017700068,0,2
6.016497071545418,-4.1127720707625866,0,2
3.1059523059715666,-4.146998346834442,0,2
4.355530351647542,-5.882623045008376,0,2
-6.865960016438778,0.3886032428445828,1,2
4.485932416867277,-4.489293423268037,0,2
3.194166755857156,-3.775964311425011,0,2
-6.167313075844697,1.7769052985263059,1,2
-5.046847114238313,0.8934942071458498,1,2
-5.953943211281785,-0.282869932644757,1,2
4.267972762957034,-4.289043795471231,0,2
3.6841803702720375,-4.638853232857624,0,2
1.4363986985071118,1.2006012452513772,1,1
3.9496997101918567,-4.471177171545073,0,2
1.8062833619147907,-3.2374862100997106,0,2
-5.728416553611711,1.9558798516005356,1,2
-5.086050814278307,-0.09240021948774824,1,2
4.55987174244715,-6.429706745404715,0,2
3.270232401260585,-3.6660897509365,0,2
-6.44799451141401,1.5319812329957478,1,2
1.019799794932988,-0.6014587190733679,1,0
3.9590266370777276,-1.318587855099235,0,2
3.526017673855125,-4.403242886305426,0,2
-6.610208069956173,2.5464618238643566,1,2
-5.313037100217778,1.57593797745821,1,2
-4.502090853502095,2.810652176959128,1,2
-5.789488575334662,1.1303561166681046,1,2
4.10657604115622,-4.3071813080399535,0,2
-5.91939688485953,0.28114815979923136,1,2
-4.949988079117214,0.9993727910895522,1,2
4.220258099382156,-3.99755063083445,0,2
-5.565881542978609,0.7436669972508011,1,2
5.346682758434085,-3.469976766413845,0,2
0.6197656858144833,0.5790476052311555,1,1
0.8378122317018287,1.1673618192546924,1,1
0.09595513147373202,0.8632461099180048,0,1
-0.6244362835291516,0.8022143411271518,0,0
3.660090222206478,-4.388064022045418,0,2
-5.561655625525452,0.8113123366939338,1,2
0.21702587509979682,-0.22260988356963834,1,0
-4.573978011121083,2.187363739304308,1,2
0.9985112333987621,0.3962663427470722,0,0
4.3324696731765995,-2.8052839320191394,0,2
3.6545061653912976,-5.693295553514341,0,2
-5.79409922699841,2.5288762874672597,1,2
2.6920304992693787,-4.153157404545762,0,2
-6.685707888464724,0.6329845298766678,1,2
4.741725041934052,-3.7774731561272383,0,2
-4.292516631354485,0.4754021765406823,1,2
-5.2149910439684,1.8434836617752328,1,2
3.501704113833428,-3.034343751388674,0,2
-6.280639228294686,-0.32006217907941537,1,2
4.5234539671963025,-4.476325683749663,0,2
-6.843322252370237,2.7243543739050753,1,2
3.5745592538624136,-3.8856290586423,0,2
-7.333368407463139,0.4275636149793953,1,2
4.8852160671243965,-5.154826887620066,0,2
-3.833436734205171,1.092101664120656,1,2
2.0056679822601065,-3.5814259818528034,0,2
-5.42703042621202,1.876398265182262,1,2
-5.655585914510029,1.4754309950175415,1,2
4.632693829763962,-4.8753186323332365,0,2
4.179353651412764,-5.251521150613331,0,2
2.909728641035393,-4.109271005590743,0,2
3.250497560335178,-4.3719222699293026,0,2
-4.789321994902188,2.5187507688093747,1,2
5.45304748843576,-5.372239758419329,0,2
3.196921725236775,-5.4897364320875806,0,2
4.385654607159463,-2.7326688495362728,0,2
-5.876727810096001,1.7022587746608022,1,2
3.5744748802171475,-4.959751455195717,0,2
-5.687283714686839,1.5081696386765397,1,2
-6.551479484204867,1.5947995883257002,1,2
-3.5321200616676363,0.6204520065464678,1,2
3.0628885081976227,-4.94402080978893,0,2
-4.9397524874333065,0.5996056116640236,1,2
3.350783459988696,-2.62577676389526,0,2
-5.297013954241762,2.6282030326747527,1,2
-5.442552169930361,0.44444517184095234,1,2
-6.966429327965333,0.7939379851650847,1,2
-5.5866596615716375,1.9144899229987002,1,2
4.856846143715815,-4.450848983782627,0,2
3.3804286157614913,-2.471243191059936,0,2
3.9230764610433604,-4.483875604189977,0,2
4.243655706464099,-5.603478760932867,0,2
2.0419570971114034,0.48525135165104105,0,1
5.196682357011586,-3.944448323738294,0,2
5.4482493355887724,-4.631213413742585,0,2
-6.467938082098042,1.6665140620776717,1,2
2.600304882785072,-3.99917958896954,0,2
2.0687546971280772,0.9674721807632177,0,1
-7.714505914703809,0.4373248351871458,1,2
-6.6752398916120015,1.7170726545734674,1,2
-5.338612296097023,2.543269059904436,1,2
2.1578506074473855,-4.977090535590328,0,2
-5.230321270505391,2.632892186892629,1,2
-4.558664708581296,2.226283030240438,1,2
-5.471631395457524,2.003108364127435,1,2
-6.420552767472572,3.082762722883046,1,2
5.148369574089658,-3.8570337040040497,0,2
-6.151519461179492,-0.058473389595257386,1,2
-5.584712423973031,-0.7366023527432499,1,2
3.188569938664834,-4.204306057716359,0,2
-5.502300263360854,2.475198993283586,1,2
4.236767930584647,-4.8884386412972365,0,2
1.3687765950792796,-0.3117626637470884,1,0
-4.479937532456697,0.854699376401109,1,2
-3.2122948976850707,0.45533729480039475,1,2
-5.992959792930453,-1.4167804042214902,1,2
-5.754477641281303,1.2716747889175166,1,2
5.079589254503865,-5.544565350002639,0,2
-5.080100689689073,1.3517590098399552,1,2
4.69443855795425,-5.106202134753421,0,2
-5.320545343702999,1.5675266788554973,1,2
2.715998931009585,-5.603701086046351,0,2
1.1533658547553005,1.376408176436672,1,1
-5.864385357172953,1.6997866597561493,1,2
4.919516606672545,-4.630967634773761,0,2
-6.768756795057579,0.14346639393578764,1,2
-4.531441315327973,1.4113614844350957,1,2
-0.7844586857951519,0.430735604704201,0,0
-2.9031206980834674,1.061197945719829,1,2
1.7666729718552014,1.7055274291069082,0,1
2.6087811321675805,-4.946831900862169,0,2
3.834181172699223,-3.9985297842653567,0,2
4.67206993311885,-4.357796523035362,0,2
4.128965823045746,-4.403331074223403,0,2
6.130085811174361,-3.5889163707703227,0,2
-5.861594853449839,1.13674849094839,1,2
-6.287962982563099,0.7694500206333774,1,2
-4.488838493458181,1.1865891027540978,1,2
0.7107029061260006,1.4955250988187436,1,1
3.172946502558109,-3.9555267251261848,0,2
-6.053295846668803,0.6783310437228982,1,2
3.2602810857237867,-2.6650202581800233,0,2
0.5268191670084423,-0.3384564709758948,1,0
-5.1513894253330585,0.8842446545286418,1,2
-3.718929841705105,0.058550985958346735,1,2
2.6352983887959835,-5.316001511197364,0,2
1.966462122206447,0.2897969857723579,1,0
-3.928880639412074,0.4963812830241481,1,2
2.993549843554841,-3.1013842562103076,0,2
0.004698057503987704,0.27471198975716277,1,0
2.4642674899022814,-3.9137677388573824,0,2
-6.426224614594728,0.7786740029642076,1,2
4.3087843240353685,-4.6563897355649635,0,2
-5.3335854049394555,-0.23624836112599512,1,2
-5.273927486301829,-0.055523741632795165,1,2
-5.981674780254938,0.9638968330755181,1,2
5.425027848990702,-3.2078206312866744,0,2
4.96186342771061,-4.471556027720046,0,2
2.8448157999514656,-5.640684845610996,0,2
-7.358146521795257,1.114025845524401,1,2
-6.049586879568152,1.1805854322096958,1,2
1.66071383740863,0.025002212956421216,1,0
0.19392475201007398,1.4889781130442674,0,1
-6.578010882135379,-0.42438775994697586,1,2
1.9111678069316254,1.273014668776145,0,1
2.1710437599136165,0.4943659181319642,1,0
-0.05083006444914887,0.5746558178259723,1,0
-4.13234015235529,1.2426919499298346,1,2
0.19346285548257094,-0.012341650651360558,1,0
2.67550304420822,-4.914964803445821,0,2
3.7893149917685665,-5.138968196852097,0,2
0.5303843587742477,0.7953135780090942,1,1
-4.3734382715014855,0.9557719636954749,1,2
-6.513189918974028,1.5941754491118216,1,2
5.337752858034134,-4.885924104256853,0,2
4.008610726047845,-4.551609874514764,0,2
4.836488907757533,-5.70589400121838,0,2
4.520087929851618,-4.16191457878162,0,2
3.04984736894818,-3.9935859771851203,0,2
-5.3015145653083025,-0.6131015858829514,1,2
-6.2215993520759625,-0.17374789632719878,1,2
-4.394810541386857,1.3695533626353908,1,2
-5.211506744672344,0.33149716655232186,1,2
-6.255062879244922,1.7008802128944496,1,2
-5.464845620441709,1.6582436656671575,1,2
-4.874285374005126,2.359486084501058,1,2
-4.448667045182477,-0.6826963948913787,1,2
3.6146255652397725,-5.363115702119278,0,2
5.538074679979285,-4.54744569300157,0,2
4.050131075054371,-3.528997683805181,0,2
-4.400756459793156,2.0566747128098526,1,2
3.923253750911653,-4.436458510245676,0,2
-3.533138494716916,1.2177777070977367,1,2
3.380741583771034,-6.834267905060269,0,2
2.3289431789009605,-3.5233445221547743,0,2
4.508925327530462,-3.6975235218480775,0,2
-5.120332947346711,0.8998578179481903,1,2
-4.525120631354232,0.6696323205844807,1,2
3.653597698091057,-4.829321372480519,0,2
-6.45324561803542,0.4918481736161272,1,2
3.2469327777572516,-5.9692657163703675,0,2
0.5670064213452137,0.920708079542089,1,1
0.32785378430696416,0.7187610307319522,0,0
-5.022388628426939,1.1088908011940948,1,2
4.022844541419383,-2.81762403276399,0,2
4.5950371498695635,-5.175636241602001,0,2
4.397822831402877,-5.108368285235691,0,2
3.5384839182021315,-3.7034074385873534,0,2
-7.16446702346363,0.7877303634542184,1,2
-4.4764969100149985,2.0201020887942343,1,2
-5.159182997929749,1.2700611421886983,1,2
4.110418841554236,-3.0993513621838327,0,2
4.1264026445007085,-7.508268308911724,0,2
0.39397004518940626,1.6838175666139719,0,1
6.135313794682688,-2.0904272120186245,0,2
0.02049629014257981,0.38039208584126905,0,1
4.1089331965959115,-6.1391890117841985,0,2
-6.362979498525099,0.09529337778310099,1,2
2.9320622431813317,-5.377256413613108,0,2
-4.349569250680059,1.1692854098249859,1,2
3.5377639012376307,-4.137235194877848,0,2
1.326099513204052,0.6407455069899751,1,1
4.0634105047038975,-3.5727392269488076,0,2
-6.235554661088378,1.7711146940529403,1,2
-5.711626779100912,0.3566482340143,1,2
-0.6043704546000306,0.869146206036161,0,0
2.5584352418626244,-4.609688576343825,0,2
-4.122872225179504,-0.5429607457366388,1,2
-4.734435527880804,0.9275355757911115,1,2
